GROUP,PACKAGE,CLASS,INSTRUCTION_MISSED,INSTRUCTION_COVERED,BRANCH_MISSED,BRANCH_COVERED,LINE_MISSED,LINE_COVERED,COMPLEXITY_MISSED,COMPLEXITY_COVERED,METHOD_MISSED,METHOD_COVERED
accounts-service,com.novapay.accounts.application.port.in,RegisterCustomerCommand,0,15,0,0,0,1,0,1,0,1
accounts-service,com.novapay.accounts.application.port.in,RegisterCustomerResult,0,12,0,0,0,1,0,1,0,1
accounts-service,com.novapay.accounts.domain.model.vo,Money,0,99,0,10,0,19,0,16,0,11
accounts-service,com.novapay.accounts.domain.model.vo,AccountNumber,8,64,1,5,2,14,2,9,1,7
accounts-service,com.novapay.accounts.domain.model.vo,Cpf,5,183,1,17,1,35,1,19,0,11
accounts-service,com.novapay.accounts.domain.model.vo,Email,10,72,2,6,2,15,2,10,0,8
accounts-service,com.novapay.accounts.config,UseCaseConfig,0,11,0,0,0,2,0,2,0,2
accounts-service,com.novapay.accounts.infrastructure.out.security,BCryptPasswordHasherAdapter,0,14,0,0,0,3,0,2,0,2
accounts-service,com.novapay.accounts.infrastructure.out.persistence,AccountPersistenceMapper,42,0,0,0,12,0,2,0,2,0
accounts-service,com.novapay.accounts.infrastructure.out.persistence,CustomerRepositoryAdapter,22,6,0,0,4,3,3,1,3,1
accounts-service,com.novapay.accounts.infrastructure.out.persistence,CustomerPersistenceMapper,54,0,0,0,17,0,2,0,2,0
accounts-service,com.novapay.accounts.infrastructure.out.persistence,AccountNumberGeneratorAdapter,17,6,0,0,3,3,1,1,1,1
accounts-service,com.novapay.accounts.infrastructure.out.persistence,AccountRepositoryAdapter,12,6,0,0,3,3,1,1,1,1
accounts-service,com.novapay.accounts.domain.exception,DailyLimitExceededException,15,0,0,0,2,0,1,0,1,0
accounts-service,com.novapay.accounts.domain.exception,CustomerAlreadyExistsException,0,5,0,0,0,2,0,1,0,1
accounts-service,com.novapay.accounts.domain.exception,DomainException,0,4,0,0,0,2,0,1,0,1
accounts-service,com.novapay.accounts.domain.exception,InsufficientBalanceException,0,15,0,0,0,2,0,1,0,1
accounts-service,com.novapay.accounts.domain.exception,AccountNotActiveException,0,5,0,0,0,2,0,1,0,1
accounts-service,com.novapay.accounts.domain.model,CustomerStatus,14,15,4,0,2,3,4,1,2,1
accounts-service,com.novapay.accounts.domain.model,Customer,11,187,3,13,4,44,5,24,2,19
accounts-service,com.novapay.accounts.domain.model,AccountStatus,0,38,0,4,0,7,0,6,0,4
accounts-service,com.novapay.accounts.domain.model,Account,37,164,5,13,6,38,7,19,3,14
accounts-service,com.novapay.accounts.application.usecase,RegisterCustomerService,0,102,0,8,0,26,0,7,0,3
accounts-service,com.novapay.accounts,AccountsServiceApplication,5,3,0,0,2,1,1,1,1,1
